{
    "southeast": {
        "mean": { 
            "u10":  -1.647652268409729,
            "v10": -0.48263001441955566
        },
        "std": {
            "u10": 4.278095245361328,
            "v10": 4.213989734649658
        }
    },
    "central": {
        "mean": { 
            "u10":  0.4993981719017029,
            "v10": 0.07778849452733994
        },
        "std": {
            "u10": 2.8184971809387207,
            "v10": 3.2000677585601807
        }
    },
    "west": {
        "mean": { 
            "u10":  0.8930156230926514,
            "v10": -0.07131120562553406
        },
        "std": {
            "u10": 3.0279979705810547,
            "v10": 4.009117603302002
        }
    }
}